{"schemaVersion":"1.0","appDefinitionTemplate":{"id":"/providers/Microsoft.PowerApps/apps/","type":"Microsoft.PowerApps/apps","tags":{"primaryDeviceWidth":"640","primaryDeviceHeight":"1136","supportsPortrait":"true","supportsLandscape":"true","primaryFormFactor":"Phone","publisherVersion":"3.23021.21","minimumRequiredApiVersion":"2.2.0","hasComponent":"true","hasUnlockedComponent":"true","isUnifiedRootApp":"false","sienaVersion":"20230220T010733Z-3.23021.21.0"},"properties":{"appVersion":"2023-02-20T01:07:33Z","lifeCycleId":"Published","createdByClientVersion":{"major":3,"minor":23021,"build":21,"revision":0,"majorRevision":0,"minorRevision":0},"minClientVersion":{"major":3,"minor":23021,"build":21,"revision":0,"majorRevision":0,"minorRevision":0},"backgroundColor":"RGBA(0,176,240,1)","backgroundImageUri":"/11106541932655353016/N60d4a8b2-e368-4258-8040-fda0497fdcc3-logoSmallFile","displayName":"BA-DrinkList","description":"","commitMessage":"","appUris":{"documentUri":{"value":"/11106541932655353016/Nea8a4f1b-934c-4898-b023-eabf93241b9d-document.msapp"},"imageUris":[],"additionalUris":[]},"createdTime":"0001-01-01T00:00:00Z","lastModifiedTime":"0001-01-01T00:00:00Z","sharedGroupsCount":0,"sharedUsersCount":0,"connectionReferences":{"da0e248f-85d6-49e0-8b79-893ad90e2d2c":{"id":"84fc20bd-19c0-4caf-9db1-beaa3b927263","displayName":"BA-API-DATA","iconUri":"https://az787822.vo.msecnd.net/defaulticons/api-dedicated.png","dataSources":["ba.0bdd.de"],"dependencies":[],"dependents":[],"parameterHints":{},"parameterHintsV2":{},"isOnPremiseConnection":false,"bypassConsent":false,"dataSets":{},"apiTier":"Standard","isCustomApiConnection":true,"actions":["data"]}},"databaseReferences":{"default.cds":{"databaseDetails":{"referenceType":"Environmental","environmentName":"default.cds","overrideValues":{"status":"NotSpecified"}},"dataSources":{"cardMenu":{"entitySetName":"crac9_cardmenus","logicalName":"crac9_cardmenu"},"Benutzerdefinierte APIs":{"entitySetName":"customapis","logicalName":"customapi"},"BA-CardMenu":{"entitySetName":"crac9_bacardmenus","logicalName":"crac9_bacardmenu"}},"actions":["providers/PowerPlatform.Governance/Operations/Read"]}},"almMode":"Environment","performanceOptimizationEnabled":true,"canConsumeAppPass":true,"enableModernRuntimeMode":false,"executionRestrictions":{"isTeamsOnly":false,"dataLossPreventionEvaluationResult":{"status":"Compliant","lastEvaluationDate":"2023-02-07T20:34:04.7144569Z","violations":[],"violationsByPolicy":[],"violationErrorMessage":"Die App verwendet die folgenden Connectors: ."}}},"appType":"ClassicCanvasApp","appComponents":[]}}