crac9_cardmenuid,crac9_imageid,crac9_image,importsequencenumber,crac9_name,statecode,statuscode,versionnumber,timezoneruleversionnumber,utcconversiontimezonecode,owningbusinessunit
aab69a2c-27a7-ed11-aacf-0022485d10ec,,,,Eiskaltes,Aktiv,Aktiv,1979871,,,e0b03b1e-2e2c-ed11-9db0-0022485c9242
785f720d-13ab-ed11-83fe-0022485d10ec,,,,sdffds,Aktiv,Aktiv,1979686,,,e0b03b1e-2e2c-ed11-9db0-0022485c9242
0229ac36-27a7-ed11-aacf-0022485d10ec,,,,Snacks süß,Aktiv,Aktiv,1943022,,,e0b03b1e-2e2c-ed11-9db0-0022485c9242
acb69a2c-27a7-ed11-aacf-0022485d10ec,,,,Säfte,Aktiv,Aktiv,1943021,,,e0b03b1e-2e2c-ed11-9db0-0022485c9242
abb69a2c-27a7-ed11-aacf-0022485d10ec,,,,Softdrinks,Aktiv,Aktiv,1943019,,,e0b03b1e-2e2c-ed11-9db0-0022485c9242
3488d025-27a7-ed11-aacf-0022485d10ec,,,,Heißgetränke,Aktiv,Aktiv,1943013,,,e0b03b1e-2e2c-ed11-9db0-0022485c9242
3588d025-27a7-ed11-aacf-0022485d10ec,,,,Heiße Schoki,Aktiv,Aktiv,1943012,,,e0b03b1e-2e2c-ed11-9db0-0022485c9242
